{
  "project_info": {
    "project_number": "528015118168",
    "firebase_url": "https://projeto1-c089d.firebaseio.com",
    "project_id": "projeto1-c089d",
    "storage_bucket": "projeto1-c089d.appspot.com"
  },
  "client": [
    {
      "client_info": {
        "mobilesdk_app_id": "1:528015118168:android:f76d8fd30e2c5f602b1f2d",
        "android_client_info": {
          "package_name": "com.example.banco_aula1"
        }
      },
      "oauth_client": [
        {
          "client_id": "528015118168-56gppcu80cgn9k5vebipnqaar704f817.apps.googleusercontent.com",
          "client_type": 1,
          "android_info": {
            "package_name": "com.example.banco_aula1",
            "certificate_hash": "e9c42f95530794abfd91833158aa27a899cd5d89"
          }
        },
        {
          "client_id": "528015118168-5jl9a6d8llj1r5di40hckjng54sbpn9b.apps.googleusercontent.com",
          "client_type": 3
        }
      ],
      "api_key": [
        {
          "current_key": "AIzaSyDt8QOz63I5OGZI0BN7Ans6VG4eewPacO8"
        }
      ],
      "services": {
        "appinvite_service": {
          "other_platform_oauth_client": [
            {
              "client_id": "528015118168-5jl9a6d8llj1r5di40hckjng54sbpn9b.apps.googleusercontent.com",
              "client_type": 3
            }
          ]
        }
      }
    },
    {
      "client_info": {
        "mobilesdk_app_id": "1:528015118168:android:1e7cddb7dd8411632b1f2d",
        "android_client_info": {
          "package_name": "com.example.cadastrausuario"
        }
      },
      "oauth_client": [
        {
          "client_id": "528015118168-5bmqgs6klk4ulvse6jsv3t7dqldr9662.apps.googleusercontent.com",
          "client_type": 1,
          "android_info": {
            "package_name": "com.example.cadastrausuario",
            "certificate_hash": "e9c42f95530794abfd91833158aa27a899cd5d89"
          }
        },
        {
          "client_id": "528015118168-5jl9a6d8llj1r5di40hckjng54sbpn9b.apps.googleusercontent.com",
          "client_type": 3
        }
      ],
      "api_key": [
        {
          "current_key": "AIzaSyDt8QOz63I5OGZI0BN7Ans6VG4eewPacO8"
        }
      ],
      "services": {
        "appinvite_service": {
          "other_platform_oauth_client": [
            {
              "client_id": "528015118168-5jl9a6d8llj1r5di40hckjng54sbpn9b.apps.googleusercontent.com",
              "client_type": 3
            }
          ]
        }
      }
    },
    {
      "client_info": {
        "mobilesdk_app_id": "1:528015118168:android:e450306bc7a63cd92b1f2d",
        "android_client_info": {
          "package_name": "com.example.conexaoassistida"
        }
      },
      "oauth_client": [
        {
          "client_id": "528015118168-idcuah7on0vfsop91i5kmo26rdn4jqbe.apps.googleusercontent.com",
          "client_type": 1,
          "android_info": {
            "package_name": "com.example.conexaoassistida",
            "certificate_hash": "e9c42f95530794abfd91833158aa27a899cd5d89"
          }
        },
        {
          "client_id": "528015118168-5jl9a6d8llj1r5di40hckjng54sbpn9b.apps.googleusercontent.com",
          "client_type": 3
        }
      ],
      "api_key": [
        {
          "current_key": "AIzaSyDt8QOz63I5OGZI0BN7Ans6VG4eewPacO8"
        }
      ],
      "services": {
        "appinvite_service": {
          "other_platform_oauth_client": [
            {
              "client_id": "528015118168-5jl9a6d8llj1r5di40hckjng54sbpn9b.apps.googleusercontent.com",
              "client_type": 3
            }
          ]
        }
      }
    },
    {
      "client_info": {
        "mobilesdk_app_id": "1:528015118168:android:4a850ac843aba7792b1f2d",
        "android_client_info": {
          "package_name": "com.example.login"
        }
      },
      "oauth_client": [
        {
          "client_id": "528015118168-4impjufv0hq65hcsh4k25ca5nlir0qc0.apps.googleusercontent.com",
          "client_type": 1,
          "android_info": {
            "package_name": "com.example.login",
            "certificate_hash": "e9c42f95530794abfd91833158aa27a899cd5d89"
          }
        },
        {
          "client_id": "528015118168-5jl9a6d8llj1r5di40hckjng54sbpn9b.apps.googleusercontent.com",
          "client_type": 3
        }
      ],
      "api_key": [
        {
          "current_key": "AIzaSyDt8QOz63I5OGZI0BN7Ans6VG4eewPacO8"
        }
      ],
      "services": {
        "appinvite_service": {
          "other_platform_oauth_client": [
            {
              "client_id": "528015118168-5jl9a6d8llj1r5di40hckjng54sbpn9b.apps.googleusercontent.com",
              "client_type": 3
            }
          ]
        }
      }
    },
    {
      "client_info": {
        "mobilesdk_app_id": "1:528015118168:android:ca24674f264354922b1f2d",
        "android_client_info": {
          "package_name": "com.example.mapas2"
        }
      },
      "oauth_client": [
        {
          "client_id": "528015118168-97m5ot344ljk1j4tvsf2eb4l35clmjvl.apps.googleusercontent.com",
          "client_type": 1,
          "android_info": {
            "package_name": "com.example.mapas2",
            "certificate_hash": "1a556d7beda015042ea7c10722d26f760548feb7"
          }
        },
        {
          "client_id": "528015118168-5jl9a6d8llj1r5di40hckjng54sbpn9b.apps.googleusercontent.com",
          "client_type": 3
        }
      ],
      "api_key": [
        {
          "current_key": "AIzaSyDt8QOz63I5OGZI0BN7Ans6VG4eewPacO8"
        }
      ],
      "services": {
        "appinvite_service": {
          "other_platform_oauth_client": [
            {
              "client_id": "528015118168-5jl9a6d8llj1r5di40hckjng54sbpn9b.apps.googleusercontent.com",
              "client_type": 3
            }
          ]
        }
      }
    }
  ],
  "configuration_version": "1"
}